clause_id,clause_type,density,nearest,score,level,percentile_in_category
cap_000_4d5230,Cap On Liability,0.8,0.5961837768554688,0.7184735107421875,Standard,0.7
cap_001_9fd4a8,Cap On Liability,1.0,0.4575977027416229,0.7830390810966492,Standard,0.714
cap_002_8d698b,Cap On Liability,0.05,0.33085066080093384,0.16234026432037355,Highly Atypical,0.25
cap_003_c4d5c7,Cap On Liability,0.15,0.4115380644798279,0.2546152257919312,Atypical,0.4
cap_004_531b86,Cap On Liability,0.0,0.2844318747520447,0.11377274990081787,Highly Atypical,0.129
cap_005_6d4ae8,Cap On Liability,0.05,0.33085066080093384,0.16234026432037355,Highly Atypical,0.25
cap_006_de9184,Cap On Liability,1.0,0.6196657419204712,0.8478662967681885,Highly Standard,0.879
cap_007_7c285f,Cap On Liability,1.0,0.5961837768554688,0.8384735107421875,Highly Standard,0.829
cap_008_fdfcca,Cap On Liability,0.15,0.42841511964797974,0.26136604785919193,Atypical,0.429
cap_009_236097,Cap On Liability,1.0,0.5604413151741028,0.8241765260696411,Standard,0.786
cap_010_1ae461,Cap On Liability,0.85,0.43679875135421753,0.6847195005416871,Standard,0.686
cap_011_580489,Cap On Liability,1.0,0.5033585429191589,0.8013434171676636,Standard,0.743
cap_012_c030c6,Cap On Liability,1.0,0.5053708553314209,0.8021483421325684,Standard,0.757
cap_013_1f5ab9,Cap On Liability,1.0,0.5146247148513794,0.8058498859405517,Standard,0.771
cap_014_2c14e3,Cap On Liability,0.0,0.2743557095527649,0.10974228382110596,Highly Atypical,0.114
cap_015_ca4bec,Cap On Liability,0.0,0.2855283319950104,0.11421133279800416,Highly Atypical,0.143
cap_016_306c70,Cap On Liability,1.0,0.49966633319854736,0.7998665332794189,Standard,0.729
cap_017_54e7b5,Cap On Liability,0.05,0.5519775748252869,0.25079102993011476,Atypical,0.379
cap_018_ff199a,Cap On Liability,0.25,0.4766344130039215,0.34065376520156865,Mixed,0.529
cap_019_d03dcb,Cap On Liability,0.0,0.2963111996650696,0.11852447986602783,Highly Atypical,0.2
cap_020_b30f0d,Cap On Liability,1.0,0.5975997447967529,0.8390398979187011,Highly Standard,0.857
cap_021_5429e8,Cap On Liability,0.3,0.3879692554473877,0.3351877021789551,Mixed,0.514
cap_022_2f033b,Cap On Liability,0.15,1.0,0.49,Standard,0.636
cap_023_cc75fc,Cap On Liability,0.25,0.4513232707977295,0.3305293083190918,Mixed,0.5
cap_024_f97dc1,Cap On Liability,0.0,0.26305562257766724,0.1052222490310669,Highly Atypical,0.086
cap_025_4d50de,Cap On Liability,0.0,0.23711413145065308,0.09484565258026123,Highly Atypical,0.057
cap_026_6c95bf,Cap On Liability,1.0,0.811627984046936,0.9246511936187745,Highly Standard,0.979
cap_027_e24603,Cap On Liability,0.05,0.5519775748252869,0.25079102993011476,Atypical,0.379
cap_028_1f52b5,Cap On Liability,0.1,0.39808154106140137,0.21923261642456054,Atypical,0.314
cap_029_a57f00,Cap On Liability,1.0,0.7450665235519409,0.8980266094207763,Highly Standard,0.914
cap_030_a4b661,Cap On Liability,0.1,0.4229278564453125,0.22917114257812501,Atypical,0.357
cap_031_10820f,Cap On Liability,1.0,0.811627984046936,0.9246511936187745,Highly Standard,0.979
cap_032_cbd365,Cap On Liability,1.0,0.6196657419204712,0.8478662967681885,Highly Standard,0.879
cap_033_e28fbd,Cap On Liability,0.0,0.20917406678199768,0.08366962671279908,Highly Atypical,0.043
cap_034_ed5cfa,Cap On Liability,1.0,0.7490698099136353,0.8996279239654541,Highly Standard,0.929
cap_035_2f033b,Cap On Liability,0.15,1.0,0.49,Standard,0.636
cap_036_da755c,Cap On Liability,0.05,0.3686431050300598,0.17745724201202392,Highly Atypical,0.286
cap_037_5c1c58,Cap On Liability,0.55,0.3468175530433655,0.4687270212173462,Mixed,0.614
cap_038_b5f5b9,Cap On Liability,1.0,0.7788263559341431,0.9115305423736573,Highly Standard,0.943
cap_039_91b425,Cap On Liability,1.0,0.5858398675918579,0.8343359470367432,Highly Standard,0.814
cap_040_16ae56,Cap On Liability,0.95,0.8668981790542603,0.9167592716217041,Highly Standard,0.957
cap_041_704d2e,Cap On Liability,0.0,0.20514154434204102,0.08205661773681641,Highly Atypical,0.029
cap_042_ea92b4,Cap On Liability,0.0,0.2944602072238922,0.11778408288955688,Highly Atypical,0.171
cap_043_21c636,Cap On Liability,0.2,0.33849823474884033,0.25539929389953614,Atypical,0.414
cap_044_055229,Cap On Liability,0.0,0.2901163101196289,0.11604652404785157,Highly Atypical,0.157
cap_045_517128,Cap On Liability,0.25,0.5048799514770508,0.35195198059082033,Mixed,0.543
cap_046_2d0517,Cap On Liability,0.25,0.7171798944473267,0.4368719577789306,Mixed,0.586
cap_047_a8b073,Cap On Liability,1.0,0.5968226194381714,0.8387290477752686,Highly Standard,0.843
cap_048_cb07cd,Cap On Liability,1.0,0.6541255116462708,0.8616502046585083,Highly Standard,0.9
cap_049_c60712,Cap On Liability,0.1,0.3589264154434204,0.20357056617736816,Atypical,0.3
cap_050_31f7c9,Cap On Liability,0.1,0.41505947709083557,0.22602379083633423,Atypical,0.343
cap_051_d084c0,Cap On Liability,0.0,0.26743900775909424,0.1069756031036377,Highly Atypical,0.1
cap_052_82e721,Cap On Liability,0.4,0.7171798944473267,0.5268719577789307,Standard,0.657
cap_053_2273d7,Cap On Liability,0.75,0.40521201491355896,0.6120848059654236,Standard,0.671
cap_054_af1110,Cap On Liability,0.05,0.3589264154434204,0.17357056617736816,Highly Atypical,0.271
cap_055_1136c8,Cap On Liability,0.4,0.3800618350505829,0.3920247340202332,Mixed,0.571
cap_056_9aeff3,Cap On Liability,0.25,0.4211730659008026,0.31846922636032104,Mixed,0.471
cap_057_486a47,Cap On Liability,0.05,0.31218090653419495,0.15487236261367798,Highly Atypical,0.214
cap_058_075509,Cap On Liability,0.3,0.36498770117759705,0.3259950804710388,Mixed,0.486
cap_059_aa1cb5,Cap On Liability,0.3,0.5048799514770508,0.3819519805908203,Mixed,0.557
cap_060_434d3f,Cap On Liability,0.2,0.4472178518772125,0.298887140750885,Atypical,0.443
cap_061_0d2b22,Cap On Liability,0.0,0.2543381452560425,0.101735258102417,Highly Atypical,0.071
cap_062_7f95dd,Cap On Liability,0.0,0.2945021986961365,0.11780087947845459,Highly Atypical,0.186
cap_063_f98936,Cap On Liability,1.0,0.8668981790542603,0.9467592716217041,Highly Standard,1.0
cap_064_cc5734,Cap On Liability,0.3,0.3454444706439972,0.3181777882575989,Mixed,0.457
cap_065_91ffbb,Cap On Liability,1.0,0.5831031799316406,0.8332412719726563,Highly Standard,0.8
cap_066_65404d,Cap On Liability,0.0,0.19477084279060364,0.07790833711624146,Highly Atypical,0.014
cap_067_828abb,Cap On Liability,0.1,0.4115380644798279,0.22461522579193116,Atypical,0.329
cap_068_bd5cdd,Cap On Liability,0.05,0.31893202662467957,0.15757281064987183,Highly Atypical,0.229
cap_069_339be2,Cap On Liability,0.45,0.4766344130039215,0.46065376520156864,Mixed,0.6
asn_000_ccab11,Anti-Assignment,0.9,0.6044105291366577,0.7817642116546631,Standard,0.443
asn_001_33fdc2,Anti-Assignment,1.0,0.4973294734954834,0.7989317893981933,Standard,0.571
asn_002_b54f30,Anti-Assignment,0.0,0.24350306391716003,0.09740122556686402,Highly Atypical,0.029
asn_003_df894e,Anti-Assignment,1.0,0.6197706460952759,0.8479082584381104,Highly Standard,0.907
asn_004_dafafa,Anti-Assignment,0.1,0.34392237663269043,0.19756895065307617,Atypical,0.129
asn_005_c90676,Anti-Assignment,1.0,0.45544981956481934,0.7821799278259277,Standard,0.457
asn_006_2d3da4,Anti-Assignment,0.65,0.5740414261817932,0.6196165704727173,Standard,0.357
asn_007_2d52c1,Anti-Assignment,1.0,0.5412893295288086,0.8165157318115235,Standard,0.657
asn_008_b8ce23,Anti-Assignment,1.0,0.6197706460952759,0.8479082584381104,Highly Standard,0.907
asn_009_0b4d0c,Anti-Assignment,0.0,0.2538881301879883,0.10155525207519532,Highly Atypical,0.043
asn_010_8d9caa,Anti-Assignment,1.0,0.46059393882751465,0.7842375755310058,Standard,0.471
asn_011_0062ea,Anti-Assignment,1.0,0.5099563002586365,0.8039825201034546,Standard,0.629
asn_012_968ed2,Anti-Assignment,1.0,0.48441457748413086,0.7937658309936524,Standard,0.5
asn_013_8e6971,Anti-Assignment,1.0,0.5064941048622131,0.8025976419448853,Standard,0.614
asn_014_41d0df,Anti-Assignment,0.0,0.2622389495372772,0.10489557981491089,Highly Atypical,0.071
asn_015_1e6f07,Anti-Assignment,0.0,0.25796613097190857,0.10318645238876344,Highly Atypical,0.057
asn_016_f3b332,Anti-Assignment,0.25,0.41257232427597046,0.3150289297103882,Mixed,0.186
asn_017_4c7430,Anti-Assignment,1.0,0.49050188064575195,0.7962007522583008,Standard,0.543
asn_018_200bd3,Anti-Assignment,0.4,0.3964410722255707,0.39857642889022826,Mixed,0.243
asn_019_4fb38d,Anti-Assignment,0.15,0.5492649078369141,0.3097059631347656,Mixed,0.171
asn_020_b34180,Anti-Assignment,0.5,0.40229475498199463,0.46091790199279786,Mixed,0.271
asn_021_1d5370,Anti-Assignment,0.75,0.42175403237342834,0.6187016129493713,Standard,0.343
asn_022_3f875a,Anti-Assignment,0.15,0.3158072829246521,0.21632291316986085,Atypical,0.143
asn_023_414921,Anti-Assignment,0.8,0.5832912921905518,0.7133165168762207,Standard,0.4
asn_024_678d7c,Anti-Assignment,0.55,0.4513879716396332,0.5105551886558533,Standard,0.314
asn_025_d325b7,Anti-Assignment,1.0,0.613591194152832,0.8454364776611328,Highly Standard,0.864
asn_026_123854,Anti-Assignment,0.05,0.38412022590637207,0.18364809036254884,Highly Atypical,0.1
asn_027_18414b,Anti-Assignment,1.0,0.6581060886383057,0.8632424354553223,Highly Standard,0.964
asn_028_869cc9,Anti-Assignment,0.75,0.6166781783103943,0.6966712713241576,Standard,0.386
asn_029_0ee762,Anti-Assignment,1.0,0.7608520984649658,0.9043408393859863,Highly Standard,0.993
asn_030_475b5d,Anti-Assignment,0.35,0.5832912921905518,0.4433165168762207,Mixed,0.257
asn_031_50b3be,Anti-Assignment,0.3,0.4155324101448059,0.34621296405792235,Mixed,0.214
asn_032_582337,Anti-Assignment,1.0,0.6323927044868469,0.8529570817947387,Highly Standard,0.936
asn_033_ad4121,Anti-Assignment,1.0,0.4540177583694458,0.7816071033477783,Standard,0.429
asn_034_3143aa,Anti-Assignment,1.0,0.5711474418640137,0.8284589767456054,Standard,0.736
asn_035_977d78,Anti-Assignment,1.0,0.49499812722206116,0.7979992508888245,Standard,0.557
asn_036_0cfa62,Anti-Assignment,1.0,0.5740414261817932,0.8296165704727173,Standard,0.771
asn_037_ab4cb1,Anti-Assignment,1.0,0.5419557094573975,0.816782283782959,Standard,0.671
asn_038_0fa299,Anti-Assignment,1.0,0.5131847262382507,0.8052738904953003,Standard,0.643
asn_039_860377,Anti-Assignment,0.45,0.5092127323150635,0.47368509292602545,Mixed,0.286
asn_040_623190,Anti-Assignment,0.15,0.42508649826049805,0.26003459930419925,Atypical,0.157
asn_041_0da866,Anti-Assignment,0.8,0.41257232427597046,0.6450289297103882,Standard,0.371
asn_042_70e70b,Anti-Assignment,1.0,0.4076491594314575,0.763059663772583,Standard,0.414
asn_043_f52a57,Anti-Assignment,1.0,0.547868013381958,0.8191472053527832,Standard,0.686
asn_044_512955,Anti-Assignment,1.0,0.5711474418640137,0.8284589767456054,Standard,0.736
asn_045_e85c50,Anti-Assignment,1.0,0.6581060886383057,0.8632424354553223,Highly Standard,0.964
asn_046_7a3047,Anti-Assignment,1.0,0.6037732362747192,0.8415092945098877,Highly Standard,0.829
asn_047_4bfcbb,Anti-Assignment,1.0,0.613591194152832,0.8454364776611328,Highly Standard,0.864
asn_048_7ffad5,Anti-Assignment,0.05,0.32779690623283386,0.16111876249313356,Highly Atypical,0.086
asn_049_645594,Anti-Assignment,0.5,0.5050358772277832,0.5020143508911132,Standard,0.3
asn_050_ef46f8,Anti-Assignment,0.1,0.32028013467788696,0.1881120538711548,Highly Atypical,0.114
asn_051_b5577a,Anti-Assignment,1.0,0.4846877455711365,0.7938750982284546,Standard,0.514
asn_052_5bfdb8,Anti-Assignment,1.0,0.6323927044868469,0.8529570817947387,Highly Standard,0.936
asn_053_d708ea,Anti-Assignment,1.0,0.7608520984649658,0.9043408393859863,Highly Standard,0.993
asn_054_f7f8e1,Anti-Assignment,1.0,0.47104713320732117,0.7884188532829285,Standard,0.486
asn_055_65adfe,Anti-Assignment,1.0,0.5661495923995972,0.8264598369598388,Standard,0.714
asn_056_bf9a9a,Anti-Assignment,1.0,0.4994035065174103,0.7997614026069642,Standard,0.593
asn_057_f11f2d,Anti-Assignment,0.3,0.4165239930152893,0.3466095972061157,Mixed,0.229
asn_058_94725b,Anti-Assignment,1.0,0.4994035065174103,0.7997614026069642,Standard,0.593
asn_059_30708e,Anti-Assignment,0.6,0.4350200891494751,0.53400803565979,Standard,0.329
asn_060_da3004,Anti-Assignment,1.0,0.4854409992694855,0.7941763997077942,Standard,0.529
asn_061_fb476c,Anti-Assignment,1.0,0.5963208079338074,0.838528323173523,Highly Standard,0.814
asn_062_e35b9d,Anti-Assignment,1.0,0.6166781783103943,0.8466712713241578,Highly Standard,0.886
asn_063_15f431,Anti-Assignment,1.0,0.5570403337478638,0.8228161334991455,Standard,0.7
asn_064_8c994c,Anti-Assignment,1.0,0.6130881309509277,0.8452352523803711,Highly Standard,0.843
asn_065_7f8b07,Anti-Assignment,0.2,0.49511486291885376,0.3180459451675415,Mixed,0.2
asn_066_8ecf0c,Anti-Assignment,1.0,0.588223397731781,0.8352893590927124,Highly Standard,0.8
asn_067_3e4e76,Anti-Assignment,1.0,0.5824860334396362,0.8329944133758544,Highly Standard,0.786
asn_068_639dbd,Anti-Assignment,0.0,0.18865972757339478,0.07546389102935791,Highly Atypical,0.014
asn_069_248d1d,Anti-Assignment,1.0,0.5716739892959595,0.8286695957183838,Standard,0.757
law_000_f687c4,Governing Law,1.0,0.6606355905532837,0.8642542362213135,Highly Standard,0.586
law_001_494e2f,Governing Law,1.0,0.47774070501327515,0.79109628200531,Standard,0.229
law_002_5cecc2,Governing Law,1.0,0.7096872329711914,0.8838748931884766,Highly Standard,0.707
law_003_0df340,Governing Law,1.0,0.5277001261711121,0.8110800504684448,Standard,0.329
law_004_01e49a,Governing Law,1.0,0.5788068771362305,0.8315227508544922,Highly Standard,0.429
law_005_c2fec2,Governing Law,1.0,0.6761565208435059,0.8704626083374023,Highly Standard,0.657
law_006_14ddf1,Governing Law,0.15,0.3522605895996094,0.23090423583984376,Atypical,0.029
law_007_837748,Governing Law,1.0,0.786533772945404,0.9146135091781616,Highly Standard,0.871
law_008_a45bcf,Governing Law,1.0,0.47850820422172546,0.7914032816886902,Standard,0.243
law_009_97f1e7,Governing Law,0.65,0.421221524477005,0.5584886097908021,Standard,0.157
law_010_cc29ec,Governing Law,1.0,0.8274682760238647,0.9309873104095459,Highly Standard,0.936
law_011_84c139,Governing Law,1.0,0.4926449656486511,0.7970579862594604,Standard,0.271
law_012_b49dc8,Governing Law,0.75,0.44381964206695557,0.6275278568267821,Standard,0.186
law_013_e857b0,Governing Law,1.0,0.7454103231430054,0.8981641292572021,Highly Standard,0.786
law_014_cda73f,Governing Law,1.0,0.6612380743026733,0.8644952297210693,Highly Standard,0.607
law_015_3cc200,Governing Law,0.4,0.476845920085907,0.43073836803436283,Mixed,0.086
law_016_8b5fe8,Governing Law,1.0,0.8448159694671631,0.9379263877868652,Highly Standard,0.993
law_017_2a8e5b,Governing Law,1.0,0.5380973815917969,0.8152389526367188,Standard,0.343
law_018_6bf1e2,Governing Law,1.0,0.7601445913314819,0.9040578365325928,Highly Standard,0.857
law_019_65b889,Governing Law,1.0,0.7096872329711914,0.8838748931884766,Highly Standard,0.707
law_020_439125,Governing Law,1.0,0.7300363779067993,0.8920145511627198,Highly Standard,0.757
law_021_a7e2d9,Governing Law,1.0,0.5659292936325073,0.826371717453003,Standard,0.379
law_022_f3b22e,Governing Law,1.0,0.8274682760238647,0.9309873104095459,Highly Standard,0.936
law_023_85f2d4,Governing Law,1.0,0.8397364616394043,0.9358945846557617,Highly Standard,0.964
law_024_b4571b,Governing Law,1.0,0.6612380743026733,0.8644952297210693,Highly Standard,0.607
law_025_4dbf0c,Governing Law,1.0,0.6034435629844666,0.8413774251937867,Highly Standard,0.514
law_026_7260bc,Governing Law,1.0,0.8448159694671631,0.9379263877868652,Highly Standard,0.993
law_027_6ae535,Governing Law,1.0,0.5835657119750977,0.8334262847900391,Highly Standard,0.457
law_028_ede775,Governing Law,1.0,0.5662691593170166,0.8265076637268066,Standard,0.4
law_029_68a360,Governing Law,1.0,0.6620766520500183,0.8648306608200074,Highly Standard,0.636
law_030_50e3db,Governing Law,1.0,0.48589205741882324,0.7943568229675293,Standard,0.257
law_031_77c69f,Governing Law,0.15,0.42397236824035645,0.25958894729614257,Atypical,0.043
law_032_ddc549,Governing Law,1.0,0.7440435290336609,0.8976174116134643,Highly Standard,0.771
law_033_1240f9,Governing Law,1.0,0.41419845819473267,0.7656793832778931,Standard,0.2
law_034_6f78aa,Governing Law,1.0,0.5581868290901184,0.8232747316360474,Standard,0.357
law_035_d3d142,Governing Law,0.55,0.36390694975852966,0.4755627799034119,Mixed,0.114
law_036_17a770,Governing Law,0.25,0.42397236824035645,0.3195889472961426,Mixed,0.071
law_037_7d7ae7,Governing Law,1.0,0.5682072639465332,0.8272829055786133,Standard,0.414
law_038_08a2ff,Governing Law,1.0,0.7293614149093628,0.8917445659637451,Highly Standard,0.743
law_039_120377,Governing Law,1.0,0.5659292936325073,0.826371717453003,Standard,0.379
law_040_2360cb,Governing Law,0.0,0.2865929901599884,0.11463719606399536,Highly Atypical,0.014
law_041_fad41c,Governing Law,1.0,0.6266188621520996,0.8506475448608398,Highly Standard,0.529
law_042_ae77dc,Governing Law,1.0,0.5275499820709229,0.8110199928283691,Standard,0.314
law_043_1a78ac,Governing Law,1.0,0.7543767094612122,0.9017506837844849,Highly Standard,0.829
law_044_0e0c76,Governing Law,1.0,0.5828555822372437,0.8331422328948974,Highly Standard,0.443
law_045_d013c5,Governing Law,1.0,0.6851512789726257,0.8740605115890503,Highly Standard,0.671
law_046_7dfcd9,Governing Law,1.0,0.6589697599411011,0.8635879039764405,Highly Standard,0.571
law_047_7355c8,Governing Law,1.0,0.4935298562049866,0.7974119424819947,Standard,0.286
law_048_bec7af,Governing Law,1.0,0.7067618370056152,0.8827047348022461,Highly Standard,0.686
law_049_f8f2ef,Governing Law,1.0,0.8397364616394043,0.9358945846557617,Highly Standard,0.964
law_050_b36dfc,Governing Law,1.0,0.5859675407409668,0.8343870162963867,Highly Standard,0.471
law_051_c94b6b,Governing Law,0.7,0.4776071310043335,0.6110428524017334,Standard,0.171
law_052_9e9e9b,Governing Law,1.0,0.5217747688293457,0.8087099075317383,Standard,0.3
law_053_3a9fa7,Governing Law,1.0,0.597716212272644,0.8390864849090576,Highly Standard,0.5
law_054_dee20e,Governing Law,0.2,0.4363453686237335,0.2945381474494934,Atypical,0.057
law_055_ac3b03,Governing Law,1.0,0.6620766520500183,0.8648306608200074,Highly Standard,0.636
law_056_f59218,Governing Law,1.0,0.7220226526260376,0.888809061050415,Highly Standard,0.729
law_057_84bcfd,Governing Law,1.0,0.7494753003120422,0.8997901201248169,Highly Standard,0.807
law_058_d413ee,Governing Law,0.45,0.43201106786727905,0.44280442714691165,Mixed,0.1
law_059_a12e21,Governing Law,1.0,0.7564338445663452,0.902573537826538,Highly Standard,0.843
law_060_9e8ab4,Governing Law,1.0,0.7494753003120422,0.8997901201248169,Highly Standard,0.807
law_061_b4ca3b,Governing Law,1.0,0.5895360708236694,0.8358144283294677,Highly Standard,0.486
law_062_b36400,Governing Law,1.0,0.6411888599395752,0.85647554397583,Highly Standard,0.543
law_063_d80bea,Governing Law,0.6,0.4007601737976074,0.520304069519043,Standard,0.143
law_064_8a04ed,Governing Law,1.0,0.8099294304847717,0.9239717721939087,Highly Standard,0.914
law_065_d5e309,Governing Law,1.0,0.7899512052536011,0.9159804821014405,Highly Standard,0.886
law_066_445883,Governing Law,1.0,0.4715196490287781,0.7886078596115113,Standard,0.214
law_067_78accd,Governing Law,1.0,0.6564978361129761,0.8625991344451904,Highly Standard,0.557
law_068_9f89f8,Governing Law,0.55,0.3708445429801941,0.4783378171920777,Mixed,0.129
law_069_5b1223,Governing Law,1.0,0.809929370880127,0.9239717483520508,Highly Standard,0.9
tfc_000_a6f747,Termination For Convenience,0.1,0.32480388879776,0.189921555519104,Highly Atypical,0.129
tfc_001_4c05e1,Termination For Convenience,0.35,0.4335134029388428,0.38340536117553714,Mixed,0.457
tfc_002_ff1ba9,Termination For Convenience,0.9,0.6841920614242554,0.8136768245697021,Standard,0.9
tfc_003_cdf66e,Termination For Convenience,0.5,0.4377724528312683,0.4751089811325073,Mixed,0.571
tfc_004_781a07,Termination For Convenience,0.55,0.3978245258331299,0.489129810333252,Mixed,0.6
tfc_005_1b17af,Termination For Convenience,0.2,0.43051499128341675,0.2922059965133667,Atypical,0.343
tfc_006_c586e5,Termination For Convenience,0.5,0.43954020738601685,0.47581608295440675,Mixed,0.586
tfc_007_5bab1b,Termination For Convenience,0.85,0.6565725803375244,0.7726290321350098,Standard,0.857
tfc_008_b09d61,Termination For Convenience,1.0,0.6555418968200684,0.8622167587280274,Highly Standard,0.95
tfc_009_133aae,Termination For Convenience,0.55,0.5254217386245728,0.5401686954498292,Standard,0.657
tfc_010_a54f68,Termination For Convenience,0.65,0.8506485223770142,0.7302594089508057,Standard,0.814
tfc_011_f62535,Termination For Convenience,0.15,0.355097234249115,0.232038893699646,Atypical,0.257
tfc_012_57110f,Termination For Convenience,0.1,0.310651957988739,0.1842607831954956,Highly Atypical,0.086
tfc_013_8fb084,Termination For Convenience,0.15,0.3374071717262268,0.22496286869049073,Atypical,0.229
tfc_014_bf5789,Termination For Convenience,0.45,0.4571866989135742,0.4528746795654297,Mixed,0.514
tfc_015_182966,Termination For Convenience,0.9,0.8830132484436035,0.8932052993774415,Highly Standard,0.986
tfc_016_3eea78,Termination For Convenience,0.25,0.40668219327926636,0.31267287731170657,Mixed,0.371
tfc_017_c59d29,Termination For Convenience,0.7,0.5030789375305176,0.621231575012207,Standard,0.671
tfc_018_99e11f,Termination For Convenience,0.1,0.358486533164978,0.2033946132659912,Atypical,0.157
tfc_019_d84096,Termination For Convenience,1.0,0.5749560594558716,0.8299824237823487,Standard,0.914
tfc_020_8561e6,Termination For Convenience,0.9,0.45530784130096436,0.7221231365203857,Standard,0.786
tfc_021_8c61c8,Termination For Convenience,0.45,0.3880400061607361,0.4252160024642945,Mixed,0.486
tfc_022_c35f27,Termination For Convenience,0.15,0.3741510510444641,0.23966042041778565,Atypical,0.271
tfc_023_e6747d,Termination For Convenience,0.8,0.43713927268981934,0.6548557090759277,Standard,0.7
tfc_024_3b4d23,Termination For Convenience,0.1,0.3476364016532898,0.1990545606613159,Atypical,0.143
tfc_025_7b9f5d,Termination For Convenience,0.5,0.48862171173095703,0.4954486846923828,Standard,0.614
tfc_026_10ff99,Termination For Convenience,0.5,0.4090801477432251,0.46363205909729005,Mixed,0.543
tfc_027_405509,Termination For Convenience,0.15,0.30879998207092285,0.21351999282836914,Atypical,0.171
tfc_028_008c3d,Termination For Convenience,0.3,0.44271159172058105,0.3570846366882324,Mixed,0.443
tfc_029_134a4c,Termination For Convenience,0.75,0.5441919565200806,0.6676767826080322,Standard,0.729
tfc_030_3b5ff4,Termination For Convenience,0.1,0.40892836451530457,0.22357134580612184,Atypical,0.214
tfc_031_1fba70,Termination For Convenience,0.1,0.39561036229133606,0.21824414491653443,Atypical,0.2
tfc_032_c3a0ce,Termination For Convenience,0.4,0.47368648648262024,0.4294745945930481,Mixed,0.5
tfc_033_8d1709,Termination For Convenience,0.4,0.39081013202667236,0.39632405281066896,Mixed,0.471
tfc_034_b3bf00,Termination For Convenience,0.25,0.4939776659011841,0.34759106636047366,Mixed,0.429
tfc_035_7b91d4,Termination For Convenience,0.25,0.40892836451530457,0.31357134580612184,Mixed,0.386
tfc_036_784abb,Termination For Convenience,0.75,0.6903334259986877,0.726133370399475,Standard,0.8
tfc_037_91770d,Termination For Convenience,0.1,0.3140150308609009,0.18560601234436036,Highly Atypical,0.1
tfc_038_1d9c5f,Termination For Convenience,0.0,0.27429282665252686,0.10971713066101074,Highly Atypical,0.043
tfc_039_819437,Termination For Convenience,0.6,0.8506485223770142,0.7002594089508056,Standard,0.757
tfc_040_79707c,Termination For Convenience,0.5,0.3970686197280884,0.45882744789123536,Mixed,0.529
tfc_041_2bb745,Termination For Convenience,0.05,0.3464166820049286,0.16856667280197143,Highly Atypical,0.071
tfc_042_1f0c35,Termination For Convenience,0.15,0.5758071541786194,0.32032286167144775,Mixed,0.4
tfc_043_ff2a7b,Termination For Convenience,0.1,0.31654196977615356,0.18661678791046143,Highly Atypical,0.114
tfc_044_32631f,Termination For Convenience,0.2,0.33572131395339966,0.25428852558135984,Atypical,0.286
tfc_045_c4b603,Termination For Convenience,1.0,0.8830132484436035,0.9532052993774414,Highly Standard,1.0
tfc_046_7667dc,Termination For Convenience,1.0,0.6555418968200684,0.8622167587280274,Highly Standard,0.95
tfc_047_d4e9a6,Termination For Convenience,0.0,0.2666844129562378,0.10667376518249512,Highly Atypical,0.021
tfc_048_7afb0d,Termination For Convenience,0.1,0.5758071541786194,0.2903228616714478,Atypical,0.329
tfc_049_a44068,Termination For Convenience,0.6,0.7678430676460266,0.6671372270584106,Standard,0.714
tfc_050_946269,Termination For Convenience,0.85,0.5525856018066406,0.7310342407226562,Standard,0.829
tfc_051_17848b,Termination For Convenience,0.6,0.4377724528312683,0.5351089811325074,Standard,0.643
tfc_052_6da021,Termination For Convenience,0.15,0.31839099526405334,0.21735639810562135,Atypical,0.186
tfc_053_6ef194,Termination For Convenience,0.05,0.5689924359321594,0.2575969743728638,Atypical,0.3
tfc_054_ef1019,Termination For Convenience,1.0,0.5030789375305176,0.801231575012207,Standard,0.886
tfc_055_89e34d,Termination For Convenience,0.2,0.4498417377471924,0.299936695098877,Atypical,0.357
tfc_056_ce74c3,Termination For Convenience,0.55,0.4149934649467468,0.49599738597869875,Standard,0.629
tfc_057_7605fc,Termination For Convenience,0.95,0.5658432245254517,0.7963372898101806,Standard,0.871
tfc_058_088bca,Termination For Convenience,0.05,0.30247989296913147,0.1509919571876526,Highly Atypical,0.057
tfc_059_082fb9,Termination For Convenience,0.2,0.3741924464702606,0.26967697858810424,Atypical,0.314
tfc_060_fee1a7,Termination For Convenience,0.9,0.48886144161224365,0.7355445766448975,Standard,0.843
tfc_061_7d1f5f,Termination For Convenience,0.15,0.35265636444091797,0.2310625457763672,Atypical,0.243
tfc_062_e9a433,Termination For Convenience,0.0,0.2666844129562378,0.10667376518249512,Highly Atypical,0.021
tfc_063_6033ae,Termination For Convenience,1.0,0.6903334259986877,0.8761333703994751,Highly Standard,0.971
tfc_064_a7169b,Termination For Convenience,0.3,0.3926549553871155,0.3370619821548462,Mixed,0.414
tfc_065_a25eed,Termination For Convenience,1.0,0.6409883499145508,0.8563953399658203,Highly Standard,0.929
tfc_066_7b7054,Termination For Convenience,0.55,0.7678430676460266,0.6371372270584107,Standard,0.686
tfc_067_33f025,Termination For Convenience,0.75,0.5749560594558716,0.6799824237823486,Standard,0.743
tfc_068_d7e012,Termination For Convenience,0.85,0.5217664837837219,0.7187065935134888,Standard,0.771
tfc_069_99101d,Termination For Convenience,0.4,0.5689924359321594,0.46759697437286374,Mixed,0.557
coc_000_bcda2e,Change Of Control,0.2,0.43190228939056396,0.2927609157562256,Atypical,0.657
coc_001_19dee8,Change Of Control,0.0,0.26737743616104126,0.10695097446441651,Highly Atypical,0.043
coc_002_8be40e,Change Of Control,0.35,0.46688878536224365,0.39675551414489746,Mixed,0.857
coc_003_ff40fa,Change Of Control,0.0,0.23782332241535187,0.09512932896614075,Highly Atypical,0.014
coc_004_12f358,Change Of Control,0.1,0.3821187913417816,0.21284751653671266,Atypical,0.443
coc_005_d6ec2a,Change Of Control,0.05,0.3021344840526581,0.15085379362106324,Highly Atypical,0.157
coc_006_3eb4a2,Change Of Control,0.05,0.34421685338020325,0.1676867413520813,Highly Atypical,0.257
coc_007_680196,Change Of Control,0.25,0.4870156943798065,0.34480627775192263,Mixed,0.771
coc_008_4c3015,Change Of Control,0.05,0.32831454277038574,0.1613258171081543,Highly Atypical,0.229
coc_009_93782e,Change Of Control,0.25,0.4167909622192383,0.3167163848876953,Mixed,0.729
coc_010_47f5e1,Change Of Control,0.05,0.3319857120513916,0.16279428482055663,Highly Atypical,0.243
coc_011_06c80f,Change Of Control,0.15,0.34421685338020325,0.2276867413520813,Atypical,0.5
coc_012_db9f41,Change Of Control,0.05,0.4523305892944336,0.21093223571777345,Atypical,0.421
coc_013_e99086,Change Of Control,0.05,0.35326820611953735,0.17130728244781496,Highly Atypical,0.271
coc_014_1d0c26,Change Of Control,0.4,0.4167909622192383,0.40671638488769535,Mixed,0.871
coc_015_4f0c58,Change Of Control,0.1,0.35074031352996826,0.2002961254119873,Atypical,0.357
coc_016_291058,Change Of Control,0.05,0.5290420651435852,0.2416168260574341,Atypical,0.543
coc_017_b4924b,Change Of Control,0.1,0.3424534797668457,0.19698139190673827,Atypical,0.329
coc_018_66624d,Change Of Control,0.15,0.5290420651435852,0.3016168260574341,Mixed,0.671
coc_019_028091,Change Of Control,0.45,0.45660462975502014,0.4526418519020081,Mixed,0.936
coc_020_a528be,Change Of Control,0.2,0.4167996942996979,0.28671987771987917,Atypical,0.629
coc_021_b07344,Change Of Control,0.5,0.41672956943511963,0.46669182777404783,Mixed,0.971
coc_022_d6467b,Change Of Control,0.05,0.609137773513794,0.2736551094055176,Atypical,0.614
coc_023_742137,Change Of Control,0.3,0.3460198640823364,0.31840794563293456,Mixed,0.743
coc_024_764d9b,Change Of Control,0.1,0.3888671100139618,0.21554684400558471,Atypical,0.457
coc_025_85f452,Change Of Control,0.2,0.4870156943798065,0.3148062777519226,Mixed,0.714
coc_026_cba57e,Change Of Control,0.1,0.4714687168598175,0.248587486743927,Atypical,0.571
coc_027_818f0e,Change Of Control,0.45,0.44264668226242065,0.44705867290496826,Mixed,0.914
coc_028_a1ec88,Change Of Control,0.15,0.3844948410987854,0.24379793643951417,Atypical,0.557
coc_029_6bb32a,Change Of Control,0.0,0.2700147032737732,0.10800588130950928,Highly Atypical,0.086
coc_030_17d910,Change Of Control,0.35,0.3749487102031708,0.35997948408126834,Mixed,0.814
coc_031_96261f,Change Of Control,0.2,0.3647504448890686,0.2659001779556275,Atypical,0.586
coc_032_a71f1d,Change Of Control,0.05,0.30168741941452026,0.1506749677658081,Highly Atypical,0.143
coc_033_79f839,Change Of Control,0.35,0.3698683977127075,0.357947359085083,Mixed,0.8
coc_034_73df0e,Change Of Control,0.1,0.35326820611953735,0.20130728244781496,Atypical,0.371
coc_035_14b048,Change Of Control,0.0,0.2864089608192444,0.11456358432769775,Highly Atypical,0.114
coc_036_e6feeb,Change Of Control,0.1,0.40094640851020813,0.22037856340408327,Atypical,0.486
coc_037_fcaa1e,Change Of Control,0.05,0.3175640404224396,0.15702561616897584,Highly Atypical,0.2
coc_038_853bbb,Change Of Control,0.1,0.35455381870269775,0.2018215274810791,Atypical,0.386
coc_039_361eaa,Change Of Control,0.35,0.4327861964702606,0.3831144785881042,Mixed,0.836
coc_040_b161d8,Change Of Control,0.15,0.34668630361557007,0.22867452144622802,Atypical,0.514
coc_041_1ab55d,Change Of Control,0.1,0.32574301958084106,0.19029720783233642,Atypical,0.3
coc_042_bdf71a,Change Of Control,0.1,0.609137773513794,0.3036551094055176,Mixed,0.686
coc_043_2a8a96,Change Of Control,0.5,0.46206027269363403,0.4848241090774536,Mixed,0.986
coc_044_a2a86f,Change Of Control,0.35,0.4327861964702606,0.3831144785881042,Mixed,0.836
coc_045_60b4ee,Change Of Control,0.0,0.2685416340827942,0.10741665363311768,Highly Atypical,0.071
coc_046_bfad68,Change Of Control,0.2,0.4200728237628937,0.28802912950515747,Atypical,0.643
coc_047_bf807b,Change Of Control,0.1,0.3455826938152313,0.19823307752609254,Atypical,0.343
coc_048_b29608,Change Of Control,0.5,0.46688878536224365,0.4867555141448975,Mixed,1.0
coc_049_caee62,Change Of Control,0.1,0.37042301893234253,0.20816920757293703,Atypical,0.4
coc_050_6827b0,Change Of Control,0.05,0.4714687168598175,0.218587486743927,Atypical,0.471
coc_051_365f2a,Change Of Control,0.5,0.3888671100139618,0.4555468440055847,Mixed,0.957
coc_052_b3376f,Change Of Control,0.0,0.27283260226249695,0.10913304090499878,Highly Atypical,0.1
coc_053_649c8c,Change Of Control,0.4,0.46206027269363403,0.4248241090774536,Mixed,0.886
coc_054_d48663,Change Of Control,0.05,0.3276500701904297,0.16106002807617187,Highly Atypical,0.214
coc_055_866122,Change Of Control,0.2,0.3782113194465637,0.2712845277786255,Atypical,0.6
coc_056_09ecd3,Change Of Control,0.0,0.24442216753959656,0.09776886701583863,Highly Atypical,0.029
coc_057_d41ad7,Change Of Control,0.3,0.4200728237628937,0.34802912950515746,Mixed,0.786
coc_058_3f7028,Change Of Control,0.1,0.32631388306617737,0.19052555322647094,Atypical,0.314
coc_059_bfbade,Change Of Control,0.25,0.3844773769378662,0.3037909507751465,Mixed,0.7
coc_060_791c66,Change Of Control,0.1,0.32346516847610474,0.1893860673904419,Highly Atypical,0.286
coc_061_8ef212,Change Of Control,0.05,0.3115476369857788,0.15461905479431154,Highly Atypical,0.186
coc_062_3883e2,Change Of Control,0.45,0.45660462975502014,0.4526418519020081,Mixed,0.936
coc_063_8f7878,Change Of Control,0.3,0.37850621342658997,0.331402485370636,Mixed,0.757
coc_064_037564,Change Of Control,0.15,0.3749487102031708,0.23997948408126832,Atypical,0.529
coc_065_e57392,Change Of Control,0.0,0.268247127532959,0.1072988510131836,Highly Atypical,0.057
coc_066_551d57,Change Of Control,0.05,0.4523305892944336,0.21093223571777345,Atypical,0.421
coc_067_771963,Change Of Control,0.05,0.3086880147457123,0.15347520589828492,Highly Atypical,0.171
coc_068_878a98,Change Of Control,0.45,0.43190228939056396,0.4427609157562256,Mixed,0.9
coc_069_b6d735,Change Of Control,0.0,0.29019695520401,0.116078782081604,Highly Atypical,0.129
ncp_000_1dbd0f,Non-Compete,0.0,0.20568495988845825,0.08227398395538331,Highly Atypical,0.043
ncp_001_2ccbdd,Non-Compete,0.0,0.2573033273220062,0.1029213309288025,Highly Atypical,0.121
ncp_002_a7edb7,Non-Compete,0.0,0.2884703278541565,0.1153881311416626,Highly Atypical,0.286
ncp_003_4fa203,Non-Compete,0.35,0.4961671829223633,0.4084668731689453,Mixed,0.914
ncp_004_c111e8,Non-Compete,0.1,0.3784182071685791,0.21136728286743164,Atypical,0.55
ncp_005_63cec7,Non-Compete,0.05,0.32450270652770996,0.159801082611084,Highly Atypical,0.393
ncp_006_c06a73,Non-Compete,0.05,0.31093722581863403,0.1543748903274536,Highly Atypical,0.357
ncp_007_c676df,Non-Compete,0.15,0.40827640891075134,0.25331056356430054,Atypical,0.643
ncp_008_d9845e,Non-Compete,0.0,0.28566861152648926,0.11426744461059571,Highly Atypical,0.257
ncp_009_a528be,Non-Compete,0.05,0.3014174997806549,0.15056699991226197,Highly Atypical,0.329
ncp_010_8efb4a,Non-Compete,0.05,0.3413240313529968,0.16652961254119875,Highly Atypical,0.421
ncp_011_ff5724,Non-Compete,0.1,0.3180924654006958,0.1872369861602783,Highly Atypical,0.486
ncp_012_320ca9,Non-Compete,0.05,0.3413240313529968,0.16652961254119875,Highly Atypical,0.421
ncp_013_c3bd47,Non-Compete,0.2,0.6946549415588379,0.3978619766235352,Mixed,0.886
ncp_014_ceed57,Non-Compete,0.05,0.36978262662887573,0.1779130506515503,Highly Atypical,0.457
ncp_015_3f544c,Non-Compete,0.1,0.3784182071685791,0.21136728286743164,Atypical,0.55
ncp_016_d60d4a,Non-Compete,0.15,0.4546828866004944,0.2718731546401978,Atypical,0.686
ncp_017_b658d2,Non-Compete,0.15,0.3906559944152832,0.24626239776611328,Atypical,0.6
ncp_018_a0e528,Non-Compete,0.25,0.8239572644233704,0.47958290576934814,Mixed,0.986
ncp_019_7adaf2,Non-Compete,0.15,0.468732088804245,0.277492835521698,Atypical,0.714
ncp_020_a6e936,Non-Compete,0.4,0.522727370262146,0.4490909481048584,Mixed,0.971
ncp_021_34535a,Non-Compete,0.15,0.579098105430603,0.3216392421722412,Mixed,0.771
ncp_022_d6d864,Non-Compete,0.2,0.6847071647644043,0.3938828659057617,Mixed,0.871
ncp_023_1fb8b1,Non-Compete,0.05,0.39212626218795776,0.18685050487518312,Highly Atypical,0.471
ncp_024_6892a6,Non-Compete,0.0,0.2573033273220062,0.1029213309288025,Highly Atypical,0.121
ncp_025_b4e76a,Non-Compete,0.15,0.4692152142524719,0.27768608570098874,Atypical,0.729
ncp_026_07bc65,Non-Compete,0.4,0.4597260355949402,0.4238904142379761,Mixed,0.929
ncp_027_4f5470,Non-Compete,0.1,0.4961671829223633,0.25846687316894534,Atypical,0.657
ncp_028_62112e,Non-Compete,0.0,0.22673842310905457,0.09069536924362183,Highly Atypical,0.071
ncp_029_06df96,Non-Compete,0.35,0.35207605361938477,0.3508304214477539,Mixed,0.786
ncp_030_855d33,Non-Compete,0.0,0.2803739309310913,0.11214957237243653,Highly Atypical,0.243
ncp_031_efefd7,Non-Compete,0.2,0.3965570330619812,0.2786228132247925,Atypical,0.743
ncp_032_c6a486,Non-Compete,0.0,0.26022928953170776,0.10409171581268312,Highly Atypical,0.157
ncp_033_7caf17,Non-Compete,0.0,0.19136644899845123,0.0765465795993805,Highly Atypical,0.029
ncp_034_0e37d2,Non-Compete,0.25,0.5800948143005371,0.3820379257202149,Mixed,0.814
ncp_035_5b6a4a,Non-Compete,0.1,0.37575191259384155,0.21030076503753664,Atypical,0.529
ncp_036_7fce71,Non-Compete,0.2,0.7723413705825806,0.42893654823303223,Mixed,0.943
ncp_037_8997e1,Non-Compete,0.0,0.24941319227218628,0.09976527690887452,Highly Atypical,0.1
ncp_038_b4ae78,Non-Compete,0.0,0.2685678005218506,0.10742712020874023,Highly Atypical,0.2
ncp_039_60c364,Non-Compete,0.1,0.3563671112060547,0.20254684448242188,Atypical,0.514
ncp_040_5551d8,Non-Compete,0.0,0.2761189639568329,0.11044758558273315,Highly Atypical,0.229
ncp_041_f9ffd4,Non-Compete,0.2,0.3549947440624237,0.2619978976249695,Atypical,0.671
ncp_042_a96db3,Non-Compete,0.0,0.29171448945999146,0.11668579578399658,Highly Atypical,0.3
ncp_043_097929,Non-Compete,0.3,0.522727370262146,0.3890909481048584,Mixed,0.843
ncp_044_5bcca0,Non-Compete,0.05,0.32450270652770996,0.159801082611084,Highly Atypical,0.393
ncp_045_ab4df6,Non-Compete,0.15,0.39212626218795776,0.24685050487518312,Atypical,0.614
ncp_046_bdf71a,Non-Compete,0.0,0.23147425055503845,0.09258970022201539,Highly Atypical,0.086
ncp_047_fe823d,Non-Compete,0.0,0.25815099477767944,0.10326039791107178,Highly Atypical,0.143
ncp_048_ad8da8,Non-Compete,0.0,0.22608140110969543,0.09043256044387818,Highly Atypical,0.057
ncp_049_0323f5,Non-Compete,0.05,0.30861401557922363,0.15344560623168946,Highly Atypical,0.343
ncp_050_324a05,Non-Compete,0.1,0.4546828866004944,0.24187315464019776,Atypical,0.586
ncp_051_b7dfbe,Non-Compete,0.1,0.33729785680770874,0.1949191427230835,Atypical,0.5
ncp_052_cfd02f,Non-Compete,0.1,0.4692152142524719,0.24768608570098877,Atypical,0.629
ncp_053_4d0f0c,Non-Compete,0.05,0.3681228756904602,0.1772491502761841,Highly Atypical,0.443
ncp_054_9a9010,Non-Compete,0.0,0.26620417833328247,0.10648167133331299,Highly Atypical,0.171
ncp_055_3d9309,Non-Compete,0.3,0.6462994813919067,0.4385197925567627,Mixed,0.957
ncp_056_19673b,Non-Compete,0.15,0.37936246395111084,0.24174498558044435,Atypical,0.571
ncp_057_8aad7d,Non-Compete,0.15,0.7723413705825806,0.39893654823303226,Mixed,0.9
ncp_058_e06524,Non-Compete,0.0,0.18103066086769104,0.07241226434707641,Highly Atypical,0.014
ncp_059_0f90ac,Non-Compete,0.1,0.579098105430603,0.29163924217224124,Atypical,0.757
ncp_060_f4742d,Non-Compete,0.1,0.8239572644233704,0.3895829057693482,Mixed,0.857
ncp_061_214c11,Non-Compete,0.15,0.4597260355949402,0.2738904142379761,Atypical,0.7
ncp_062_3a1082,Non-Compete,0.05,0.31640172004699707,0.15656068801879883,Highly Atypical,0.371
ncp_063_0cae83,Non-Compete,0.0,0.2860244810581207,0.1144097924232483,Highly Atypical,0.271
ncp_064_a2d3a0,Non-Compete,0.35,0.6946549415588379,0.48786197662353514,Mixed,1.0
ncp_065_415e5e,Non-Compete,0.0,0.2747235894203186,0.10988943576812744,Highly Atypical,0.214
ncp_066_1f60e8,Non-Compete,0.0,0.26771536469459534,0.10708614587783814,Highly Atypical,0.186
ncp_067_d05ed9,Non-Compete,0.2,0.6462994813919067,0.3785197925567627,Mixed,0.8
ncp_068_4bddcf,Non-Compete,0.0,0.2998189628124237,0.11992758512496948,Highly Atypical,0.314
ncp_069_676b46,Non-Compete,0.3,0.5176801085472107,0.3870720434188843,Mixed,0.829
